{"model/fc_model/sizes": [136, 64], "model/fc_model/input_norm": false, "model/fc_model/activation": null, "model/fc_model/dropout": 0, "model/transformer/N": 1, "model/transformer/d_ff": 64, "model/transformer/h": 1, "model/transformer/positional_encoding": null, "model/transformer/dropout": 0, "model/post_model/output_activation": "Sigmoid", "model/post_model/d_output": 1, "data/path": "/allrank/MSLR-WEB10K/Fold4/_normalized", "data/num_workers": 1, "data/batch_size": 32, "data/slate_length": 240, "data/validation_ds_role": "vali", "optimizer/name": "Adam", "optimizer/args/lr": 0.001, "training/epochs": 100, "training/gradient_clipping_norm": null, "training/early_stopping_patience": 10, "loss/name": "approxNDCGLoss", "metrics/recall": [5], "metrics/precision": [5], "metrics/map": [5], "metrics/rmse": [5], "metrics/mrr": [5], "metrics/ndcg": [5], "lr_scheduler/name": "StepLR", "lr_scheduler/args/step_size": 3, "lr_scheduler/args/gamma": 0.5, "val_metric": "ndcg_5", "expected_metrics/val/ndcg_5": 0, "detect_anomaly": false, "click_model": null, "epochs": 11, "train_metrics/recall_5": 0.09777651727199554, "train_metrics/precision_5": 0.6021, "train_metrics/map_5": 0.6976212962962962, "train_metrics/rmse_5": 0.8584619164466858, "train_metrics/mrr_5": 0.2308972179889679, "train_metrics/ndcg_5": 0.3140403628349304, "val_metrics/recall_5": 0.09711171686649323, "val_metrics/precision_5": 0.5972, "val_metrics/map_5": 0.6935604166666666, "val_metrics/rmse_5": 0.851564347743988, "val_metrics/mrr_5": 0.2358500212430954, "val_metrics/ndcg_5": 0.30853497982025146, "num_params": 34177, "run_id": "run_approxNDCGLoss_Fold4", "dir": "/allrank/run_approxNDCGLoss_Fold4/results/run_approxNDCGLoss_Fold4"}
