{"model/fc_model/sizes": [136, 64], "model/fc_model/input_norm": false, "model/fc_model/activation": null, "model/fc_model/dropout": 0, "model/transformer/N": 1, "model/transformer/d_ff": 64, "model/transformer/h": 1, "model/transformer/positional_encoding": null, "model/transformer/dropout": 0, "model/post_model/output_activation": "Sigmoid", "model/post_model/d_output": 1, "data/path": "/allrank/MSLR-WEB10K/Fold3/_normalized", "data/num_workers": 1, "data/batch_size": 32, "data/slate_length": 240, "data/validation_ds_role": "vali", "optimizer/name": "Adam", "optimizer/args/lr": 0.001, "training/epochs": 100, "training/gradient_clipping_norm": null, "training/early_stopping_patience": 10, "loss/name": "pointwise_rmse", "loss/args/no_of_levels": 5, "metrics/recall": [5], "metrics/precision": [5], "metrics/map": [5], "metrics/rmse": [5], "metrics/mrr": [5], "metrics/ndcg": [5], "lr_scheduler/name": "StepLR", "lr_scheduler/args/step_size": 3, "lr_scheduler/args/gamma": 0.5, "val_metric": "ndcg_5", "expected_metrics/val/ndcg_5": 0, "detect_anomaly": false, "click_model": null, "epochs": 33, "train_metrics/recall_5": 0.11266082525253296, "train_metrics/precision_5": 0.7068666666666666, "train_metrics/map_5": 0.8054032407407407, "train_metrics/rmse_5": 0.8686655163764954, "train_metrics/mrr_5": 0.4338166415691376, "train_metrics/ndcg_5": 0.4673837125301361, "val_metrics/recall_5": 0.10667813569307327, "val_metrics/precision_5": 0.6961, "val_metrics/map_5": 0.7960798611111111, "val_metrics/rmse_5": 0.8603897094726562, "val_metrics/mrr_5": 0.4155000150203705, "val_metrics/ndcg_5": 0.4575890004634857, "num_params": 34177, "run_id": "run_pointwise_rmse_Fold3", "dir": "/allrank/run_pointwise_rmse_Fold3/results/run_pointwise_rmse_Fold3"}
