{"model/fc_model/sizes": [136, 64], "model/fc_model/input_norm": false, "model/fc_model/activation": null, "model/fc_model/dropout": 0, "model/transformer/N": 1, "model/transformer/d_ff": 64, "model/transformer/h": 1, "model/transformer/positional_encoding": null, "model/transformer/dropout": 0, "model/post_model/output_activation": "Sigmoid", "model/post_model/d_output": 1, "data/path": "/allrank/MSLR-WEB10K/Fold5/_normalized", "data/num_workers": 1, "data/batch_size": 32, "data/slate_length": 240, "data/validation_ds_role": "vali", "optimizer/name": "Adam", "optimizer/args/lr": 0.001, "training/epochs": 100, "training/gradient_clipping_norm": null, "training/early_stopping_patience": 10, "loss/name": "pointwise_rmse", "loss/args/no_of_levels": 5, "metrics/recall": [5], "metrics/precision": [5], "metrics/map": [5], "metrics/rmse": [5], "metrics/mrr": [5], "metrics/ndcg": [5], "lr_scheduler/name": "StepLR", "lr_scheduler/args/step_size": 3, "lr_scheduler/args/gamma": 0.5, "val_metric": "ndcg_5", "expected_metrics/val/ndcg_5": 0, "detect_anomaly": false, "click_model": null, "epochs": 29, "train_metrics/recall_5": 0.10953531414270401, "train_metrics/precision_5": 0.7022000000000002, "train_metrics/map_5": 0.7991504629629629, "train_metrics/rmse_5": 0.861699640750885, "train_metrics/mrr_5": 0.4249194264411926, "train_metrics/ndcg_5": 0.4615854322910309, "val_metrics/recall_5": 0.1134461835026741, "val_metrics/precision_5": 0.7061, "val_metrics/map_5": 0.7987958333333333, "val_metrics/rmse_5": 0.8643872737884521, "val_metrics/mrr_5": 0.43137502670288086, "val_metrics/ndcg_5": 0.463061660528183, "num_params": 34177, "run_id": "run_pointwise_rmse_Fold5", "dir": "/allrank/run_pointwise_rmse_Fold5/results/run_pointwise_rmse_Fold5"}
