{"model/fc_model/sizes": [136, 64], "model/fc_model/input_norm": false, "model/fc_model/activation": null, "model/fc_model/dropout": 0, "model/transformer/N": 1, "model/transformer/d_ff": 64, "model/transformer/h": 1, "model/transformer/positional_encoding": null, "model/transformer/dropout": 0, "model/post_model/output_activation": "Sigmoid", "model/post_model/d_output": 1, "data/path": "/allrank/MSLR-WEB10K/Fold2/_normalized", "data/num_workers": 1, "data/batch_size": 32, "data/slate_length": 240, "data/validation_ds_role": "vali", "optimizer/name": "Adam", "optimizer/args/lr": 0.001, "training/epochs": 100, "training/gradient_clipping_norm": null, "training/early_stopping_patience": 10, "loss/name": "neuralNDCG", "metrics/recall": [5], "metrics/precision": [5], "metrics/map": [5], "metrics/rmse": [5], "metrics/mrr": [5], "metrics/ndcg": [5], "lr_scheduler/name": "StepLR", "lr_scheduler/args/step_size": 3, "lr_scheduler/args/gamma": 0.5, "val_metric": "ndcg_5", "expected_metrics/val/ndcg_5": 0, "detect_anomaly": false, "click_model": null, "epochs": 30, "train_metrics/recall_5": 0.12094821035861969, "train_metrics/precision_5": 0.7194333333333334, "train_metrics/map_5": 0.8204439814814816, "train_metrics/rmse_5": 0.8736801147460938, "train_metrics/mrr_5": 0.49320554733276367, "train_metrics/ndcg_5": 0.5082077383995056, "val_metrics/recall_5": 0.10751038044691086, "val_metrics/precision_5": 0.6974000000000001, "val_metrics/map_5": 0.7982319444444445, "val_metrics/rmse_5": 0.8795391321182251, "val_metrics/mrr_5": 0.4473583698272705, "val_metrics/ndcg_5": 0.4763071537017822, "num_params": 34177, "run_id": "run_neuralNDCG_Fold2", "dir": "/allrank/run_neuralNDCG_Fold2/results/run_neuralNDCG_Fold2"}
