{"model/fc_model/sizes": [136, 64], "model/fc_model/input_norm": false, "model/fc_model/activation": null, "model/fc_model/dropout": 0, "model/transformer/N": 1, "model/transformer/d_ff": 64, "model/transformer/h": 1, "model/transformer/positional_encoding": null, "model/transformer/dropout": 0, "model/post_model/output_activation": "Sigmoid", "model/post_model/d_output": 1, "data/path": "/allrank/MSLR-WEB10K/Fold1/_normalized", "data/num_workers": 1, "data/batch_size": 32, "data/slate_length": 240, "data/validation_ds_role": "vali", "optimizer/name": "Adam", "optimizer/args/lr": 0.001, "training/epochs": 100, "training/gradient_clipping_norm": null, "training/early_stopping_patience": 10, "loss/name": "pointwise_rmse", "loss/args/no_of_levels": 5, "metrics/mrr": [5], "metrics/ndcg": [5], "lr_scheduler/name": "StepLR", "lr_scheduler/args/step_size": 3, "lr_scheduler/args/gamma": 0.5, "val_metric": "ndcg_5", "expected_metrics/val/ndcg_5": 0, "detect_anomaly": false, "click_model": null, "epochs": 40, "train_metrics/mrr_5": 0.4376111328601837, "train_metrics/ndcg_5": 0.46790486574172974, "val_metrics/mrr_5": 0.4221166968345642, "val_metrics/ndcg_5": 0.4607093632221222, "num_params": 34177, "run_id": "run_pointwise_rmse_Fold1", "dir": "/allrank/run_pointwise_rmse_Fold1/results/run_pointwise_rmse_Fold1"}
