{"model/fc_model/sizes": [136, 64], "model/fc_model/input_norm": false, "model/fc_model/activation": null, "model/fc_model/dropout": 0, "model/transformer/N": 1, "model/transformer/d_ff": 64, "model/transformer/h": 1, "model/transformer/positional_encoding": null, "model/transformer/dropout": 0, "model/post_model/output_activation": "Sigmoid", "model/post_model/d_output": 1, "data/path": "/allrank/MSLR-WEB10K/Fold1/_normalized", "data/num_workers": 1, "data/batch_size": 32, "data/slate_length": 240, "data/validation_ds_role": "vali", "optimizer/name": "Adam", "optimizer/args/lr": 0.001, "training/epochs": 100, "training/gradient_clipping_norm": null, "training/early_stopping_patience": 10, "loss/name": "approxNDCGLoss", "metrics/recall": [5], "metrics/precision": [5], "metrics/map": [5], "metrics/rmse": [5], "metrics/mrr": [5], "metrics/ndcg": [5], "lr_scheduler/name": "StepLR", "lr_scheduler/args/step_size": 3, "lr_scheduler/args/gamma": 0.5, "val_metric": "ndcg_5", "expected_metrics/val/ndcg_5": 0, "detect_anomaly": false, "click_model": null, "epochs": 11, "train_metrics/recall_5": 0.09587664902210236, "train_metrics/precision_5": 0.5897666666666666, "train_metrics/map_5": 0.6849886574074074, "train_metrics/rmse_5": 0.8484316468238831, "train_metrics/mrr_5": 0.2097194343805313, "train_metrics/ndcg_5": 0.2925046682357788, "val_metrics/recall_5": 0.09827211499214172, "val_metrics/precision_5": 0.5979000000000001, "val_metrics/map_5": 0.693823611111111, "val_metrics/rmse_5": 0.8629633784294128, "val_metrics/mrr_5": 0.20831666886806488, "val_metrics/ndcg_5": 0.2958020269870758, "num_params": 34177, "run_id": "run_approxNDCGLoss_Fold1", "dir": "/allrank/run_approxNDCGLoss_Fold1/results/run_approxNDCGLoss_Fold1"}
