{"model/fc_model/sizes": [136, 64], "model/fc_model/input_norm": false, "model/fc_model/activation": null, "model/fc_model/dropout": 0, "model/transformer/N": 1, "model/transformer/d_ff": 64, "model/transformer/h": 1, "model/transformer/positional_encoding": null, "model/transformer/dropout": 0, "model/post_model/output_activation": "Sigmoid", "model/post_model/d_output": 1, "data/path": "/allrank/MSLR-WEB10K/Fold4/_normalized", "data/num_workers": 1, "data/batch_size": 32, "data/slate_length": 240, "data/validation_ds_role": "vali", "optimizer/name": "Adam", "optimizer/args/lr": 0.001, "training/epochs": 100, "training/gradient_clipping_norm": null, "training/early_stopping_patience": 10, "loss/name": "neuralNDCG", "metrics/recall": [5], "metrics/precision": [5], "metrics/map": [5], "metrics/rmse": [5], "metrics/mrr": [5], "metrics/ndcg": [5], "lr_scheduler/name": "StepLR", "lr_scheduler/args/step_size": 3, "lr_scheduler/args/gamma": 0.5, "val_metric": "ndcg_5", "expected_metrics/val/ndcg_5": 0, "detect_anomaly": false, "click_model": null, "epochs": 23, "train_metrics/recall_5": 0.11711582541465759, "train_metrics/precision_5": 0.7146333333333336, "train_metrics/map_5": 0.8177004629629631, "train_metrics/rmse_5": 0.8761122822761536, "train_metrics/mrr_5": 0.4885166883468628, "train_metrics/ndcg_5": 0.5087680816650391, "val_metrics/recall_5": 0.10915538668632507, "val_metrics/precision_5": 0.6925000000000001, "val_metrics/map_5": 0.7881916666666666, "val_metrics/rmse_5": 0.868500292301178, "val_metrics/mrr_5": 0.44830837845802307, "val_metrics/ndcg_5": 0.4684533178806305, "num_params": 34177, "run_id": "run_neuralNDCG_Fold4", "dir": "/allrank/run_neuralNDCG_Fold4/results/run_neuralNDCG_Fold4"}
