{"model/fc_model/sizes": [136, 64], "model/fc_model/input_norm": false, "model/fc_model/activation": null, "model/fc_model/dropout": 0, "model/transformer/N": 1, "model/transformer/d_ff": 64, "model/transformer/h": 1, "model/transformer/positional_encoding": null, "model/transformer/dropout": 0, "model/post_model/output_activation": "Sigmoid", "model/post_model/d_output": 1, "data/path": "/allrank/MSLR-WEB10K/Fold1/_normalized", "data/num_workers": 1, "data/batch_size": 32, "data/slate_length": 240, "data/validation_ds_role": "vali", "optimizer/name": "Adam", "optimizer/args/lr": 0.001, "training/epochs": 100, "training/gradient_clipping_norm": null, "training/early_stopping_patience": 10, "loss/name": "neuralNDCG", "metrics/recall": [5], "metrics/precision": [5], "metrics/map": [5], "metrics/rmse": [5], "metrics/mrr": [5], "metrics/ndcg": [5], "lr_scheduler/name": "StepLR", "lr_scheduler/args/step_size": 3, "lr_scheduler/args/gamma": 0.5, "val_metric": "ndcg_5", "expected_metrics/val/ndcg_5": 0, "detect_anomaly": false, "click_model": null, "epochs": 22, "train_metrics/recall_5": 0.11893466860055923, "train_metrics/precision_5": 0.7166, "train_metrics/map_5": 0.8162150462962964, "train_metrics/rmse_5": 0.8682148456573486, "train_metrics/mrr_5": 0.4878694713115692, "train_metrics/ndcg_5": 0.5061020851135254, "val_metrics/recall_5": 0.110166996717453, "val_metrics/precision_5": 0.6952999999999999, "val_metrics/map_5": 0.8021402777777777, "val_metrics/rmse_5": 0.8877791166305542, "val_metrics/mrr_5": 0.45074164867401123, "val_metrics/ndcg_5": 0.47495004534721375, "num_params": 34177, "run_id": "run_neuralNDCG_Fold1", "dir": "/allrank/run_neuralNDCG_Fold1/results/run_neuralNDCG_Fold1"}
