{
  "model": {
    "fc_model": {
      "sizes": [
        64
      ],
      "input_norm": false,
      "activation": null,
      "dropout": 0
    },
    "transformer": {
      "N": 1,
      "d_ff": 64,
      "h": 1,
      "positional_encoding": null,
      "dropout": 0
    },
    "post_model": {
      "output_activation": "Sigmoid",
      "d_output": 1
    }
  },
  "data": {
    "path": "/allrank/MSLR-WEB10K/Fold2/_normalized",
    "validation_ds_role": "vali",
    "num_workers": 1,
    "batch_size": 32,
    "slate_length": 240
  },
  "optimizer": {
    "name": "Adam",
    "args": {
      "lr": 0.001
    }
  },
  "lr_scheduler": {
    "name": "StepLR",
    "args": {
      "step_size": 3,
      "gamma": 0.5
    }
  },
  "training": {
    "epochs": 100,
    "early_stopping_patience": 10,
    "gradient_clipping_norm": null
  },
  "val_metric": "ndcg_5",
  "metrics": [
    "mrr_5",
    "ndcg_5"
  ],
  "loss": {
    "name": "pointwise_rmse",
    "args": {
      "no_of_levels": 5
    }
  },
  "expected_metrics": {
    "val": {
      "ndcg_5": 0
    }
  }
}
