{"model/fc_model/sizes": [136, 64], "model/fc_model/input_norm": false, "model/fc_model/activation": null, "model/fc_model/dropout": 0, "model/transformer/N": 1, "model/transformer/d_ff": 64, "model/transformer/h": 1, "model/transformer/positional_encoding": null, "model/transformer/dropout": 0, "model/post_model/output_activation": "Sigmoid", "model/post_model/d_output": 1, "data/path": "/allrank/MSLR-WEB10K/Fold5/_normalized", "data/num_workers": 1, "data/batch_size": 32, "data/slate_length": 240, "data/validation_ds_role": "vali", "optimizer/name": "Adam", "optimizer/args/lr": 0.001, "training/epochs": 100, "training/gradient_clipping_norm": null, "training/early_stopping_patience": 10, "loss/name": "approxNDCGLoss", "metrics/recall": [5], "metrics/precision": [5], "metrics/map": [5], "metrics/rmse": [5], "metrics/mrr": [5], "metrics/ndcg": [5], "lr_scheduler/name": "StepLR", "lr_scheduler/args/step_size": 3, "lr_scheduler/args/gamma": 0.5, "val_metric": "ndcg_5", "expected_metrics/val/ndcg_5": 0, "detect_anomaly": false, "click_model": null, "epochs": 11, "train_metrics/recall_5": 0.09595265239477158, "train_metrics/precision_5": 0.5969333333333332, "train_metrics/map_5": 0.6958326388888889, "train_metrics/rmse_5": 0.8452035784721375, "train_metrics/mrr_5": 0.23135554790496826, "train_metrics/ndcg_5": 0.30905288457870483, "val_metrics/recall_5": 0.09741910547018051, "val_metrics/precision_5": 0.596, "val_metrics/map_5": 0.6956201388888889, "val_metrics/rmse_5": 0.8472452759742737, "val_metrics/mrr_5": 0.2191583514213562, "val_metrics/ndcg_5": 0.3022403120994568, "num_params": 34177, "run_id": "run_approxNDCGLoss_Fold5", "dir": "/allrank/run_approxNDCGLoss_Fold5/results/run_approxNDCGLoss_Fold5"}
